[ec2-user@ip-10-10-10-223 ~]$ mysql --version
mysql  Ver 15.1 Distrib 5.5.68-MariaDB, for Linux (x86_64) using readline 5.1
[ec2-user@ip-10-10-10-223 ~]$ mysql -h secondary-mysql.coxyteo0yhgy.us-west-2.rds.amazonaws.com -u admin -p
Enter password:
Welcome to the MariaDB monitor.  Commands end with ; or \g.
Your MySQL connection id is 24
Server version: 8.0.28 Source distribution

Copyright (c) 2000, 2018, Oracle, MariaDB Corporation Ab and others.

Type 'help;' or '\h' for help. Type '\c' to clear the current input statement.

MySQL [(none)]> SHOW DATABASES;
+--------------------+
| Database           |
+--------------------+
| information_schema |
| mysql              |
| performance_schema |
| sys                |
| udacity            |
+--------------------+
5 rows in set (0.00 sec)

MySQL [(none)]> USE udacity;
Reading table information for completion of table and column names
You can turn off this feature to get a quicker startup with -A

Database changed
MySQL [udacity]> SHOW tables;
+-------------------+
| Tables_in_udacity |
+-------------------+
| books             |
+-------------------+
1 row in set (0.00 sec)

MySQL [udacity]> select * from books;
+---------+-------------------+-------------+
| book_id | book_title        | book_author |
+---------+-------------------+-------------+
|       1 | Udacity AWS       | Max         |
|       2 | Udacity AWS - RDS | Max         |
+---------+-------------------+-------------+
2 rows in set (0.00 sec)

MySQL [udacity]> insert into  books (book_title, book_author ) values ('Udacity AWS', 'Max');
ERROR 1290 (HY000): The MySQL server is running with the --read-only option so it cannot execute this statement
MySQL [udacity]>
MySQL [udacity]>
MySQL [udacity]>
MySQL [udacity]> select * from books;
ERROR 2006 (HY000): MySQL server has gone away
No connection. Trying to reconnect...
Connection id:    10
Current database: udacity

+---------+-------------------+-------------+
| book_id | book_title        | book_author |
+---------+-------------------+-------------+
|       1 | Udacity AWS       | Max         |
|       2 | Udacity AWS - RDS | Max         |
+---------+-------------------+-------------+
2 rows in set (0.01 sec)

MySQL [udacity]> insert into  books (book_title, book_author ) values ('Udacity AWS - RDS - Replica', 'Max');
Query OK, 1 row affected (0.01 sec)

MySQL [udacity]> select * from books;
+---------+-----------------------------+-------------+
| book_id | book_title                  | book_author |
+---------+-----------------------------+-------------+
|       1 | Udacity AWS                 | Max         |
|       2 | Udacity AWS - RDS           | Max         |
|       3 | Udacity AWS - RDS - Replica | Max         |
+---------+-----------------------------+-------------+
3 rows in set (0.00 sec)

MySQL [udacity]>

